                  epoch,             train/loss,  metrics/accuracy_top1,  metrics/accuracy_top5,               val/loss,                 lr/pg0,                 lr/pg1,                 lr/pg2
                      1,                    nan,                0.15282,                0.47508,                    nan,             0.00023743,             0.00023743,             0.00023743
                      2,                    nan,                0.15282,                0.47508,                    nan,             0.00042837,             0.00042837,             0.00042837
                      3,                    nan,                0.15282,                0.47508,                    nan,             0.00057217,             0.00057217,             0.00057217
